City_ID,City,Lat,Lng,Max Temp,Humidity,Cloudiness,Wind Speed,Country,Date
0,port-aux-francais,-49.35,70.2167,4.74,72,60,9.3,TF,1686233454
1,adamstown,-25.066,-130.1015,21.6,60,0,5.64,PN,1686233456
2,longyearbyen,78.2186,15.6401,4.91,60,20,10.29,SJ,1686233376
3,georgetown,5.4112,100.3354,30.96,70,20,1.54,MY,1686233401
4,nelidovo,56.2211,32.7774,22.87,30,16,3.84,RU,1686233976
5,quellon,-43.1167,-73.6167,9.14,87,75,5.14,CL,1686233478
6,talnakh,69.4865,88.3972,10.48,77,100,3.22,RU,1686233482
7,papatowai,-46.5619,169.4708,4.5,90,44,1.56,NZ,1686233462
8,howrah,22.5892,88.3103,31.0,84,75,3.6,IN,1686233477
9,iskateley,67.6803,53.1512,9.19,42,100,3.9,RU,1686233465
10,bredasdorp,-34.5322,20.0403,17.32,73,95,7.39,ZA,1686233456
11,kavieng,-2.5744,150.7967,27.6,77,100,1.85,PG,1686233976
12,port elizabeth,-33.918,25.5701,21.17,60,0,1.03,ZA,1686233460
13,hawaiian paradise park,19.5933,-154.9731,21.13,85,0,2.57,US,1686233462
14,alofi,-19.0595,-169.9187,24.37,82,100,6.53,NU,1686233463
15,wewak,-3.5534,143.6268,26.73,83,8,1.61,PG,1686233977
16,altai,46.3722,96.2583,18.86,22,15,0.48,MN,1686233977
17,sabang,5.8933,95.3214,28.59,78,100,9.35,ID,1686233977
18,port blair,11.6667,92.75,28.06,84,100,8.46,IN,1686233977
19,lebu,-37.6167,-73.65,14.0,94,100,12.89,CL,1686233383
20,ushuaia,-54.8,-68.3,-2.21,92,12,0.6,AR,1686233461
21,hermanus,-34.4187,19.2345,16.35,86,100,10.41,ZA,1686233469
22,moree,-29.4667,149.85,12.0,94,0,1.57,AU,1686233977
23,stanley,54.868,-1.6985,14.01,67,75,4.12,GB,1686233457
24,chegdomyn,51.1167,133.0167,13.64,92,100,0.47,RU,1686233488
25,sesvete,45.8311,16.1164,21.77,70,0,3.09,HR,1686233978
26,puerto ayora,-0.7393,-90.3518,27.98,88,100,3.58,EC,1686233476
27,gereida,11.2811,25.1414,29.43,47,100,2.68,SD,1686233978
28,albany,42.6001,-73.9662,13.65,83,100,1.75,US,1686233293
29,nar'yan-mar,67.6713,53.087,9.26,42,100,4.06,RU,1686233462
30,tiksi,71.6872,128.8694,4.88,80,100,0.39,RU,1686233455
31,vorgashor,67.5833,63.95,5.57,49,100,3.93,RU,1686233464
32,ola,59.5833,151.2833,6.75,88,13,1.1,RU,1686233455
33,waitangi,-43.9535,-176.5597,9.34,88,43,2.83,NZ,1686233326
34,yellowknife,62.456,-114.3525,10.31,87,98,3.58,CA,1686233459
35,vylkove,45.4021,29.586,21.6,54,9,4.71,UA,1686233978
36,izberbash,42.5696,47.8645,23.03,56,0,3.55,RU,1686233978
37,qaqortoq,60.7167,-46.0333,5.27,54,1,3.59,GL,1686233471
38,port mathurin,-19.6833,63.4167,24.82,74,2,9.26,MU,1686233460
39,turpan,42.9333,89.1667,38.84,12,14,3.45,CN,1686233979
40,edinburgh of the seven seas,-37.0676,-12.3116,16.16,83,63,15.02,SH,1686233461
41,khash,28.2211,61.2158,29.85,23,100,4.76,IR,1686233979
42,sao vicente,-23.9631,-46.3919,26.26,57,0,0.76,BR,1686233335
43,bethel,41.3712,-73.414,18.6,66,75,2.57,US,1686233456
44,blackmans bay,-43.0167,147.3167,8.07,93,69,3.74,AU,1686233454
45,lihue,21.9789,-159.3672,23.77,87,75,4.12,US,1686233459
46,piatykhatky,48.4133,33.7106,24.71,35,51,3.74,UA,1686233979
47,sisimiut,66.9395,-53.6735,1.9,66,76,1.86,GL,1686233499
48,santana,-0.0583,-51.1817,30.1,79,75,2.06,BR,1686233496
49,anna regina,7.2644,-58.5077,28.06,75,11,4.02,GY,1686233979
50,new norfolk,-42.7826,147.0587,8.73,86,18,0.45,AU,1686233502
51,prince rupert,54.3161,-130.3201,11.83,92,0,2.57,CA,1686233512
52,mahalapye,-23.1041,26.8142,29.41,15,35,3.98,BW,1686233506
53,timbuktu,16.7735,-3.0074,42.77,6,4,4.05,ML,1686233980
54,male,4.1748,73.5089,28.97,84,75,6.17,MV,1686233980
55,kencong,-8.2833,113.3667,24.35,92,18,2.1,ID,1686233980
56,dudinka,69.4058,86.1778,11.94,49,99,5.67,RU,1686233478
57,fabens,31.5023,-106.1586,24.55,18,17,3.5,US,1686233980
58,campbell river,50.0163,-125.2446,16.26,82,20,1.03,CA,1686233980
59,north liberty,41.7492,-91.598,19.04,44,0,3.6,US,1686233980
60,kulhudhuffushi,6.6221,73.07,28.96,79,100,7.03,MV,1686233491
61,arkhangel'sk,64.5401,40.5433,13.12,50,100,3.87,RU,1686233765
62,the pinery,39.4553,-104.7344,18.25,65,75,0.89,US,1686233981
63,grytviken,-54.2811,-36.5092,2.24,92,100,1.43,GS,1686233456
64,saint-joseph,-21.3667,55.6167,23.21,79,25,4.76,RE,1686233475
65,bedesa,8.9,40.7833,25.11,55,81,2.27,ET,1686233981
66,kodiak,57.79,-152.4072,7.73,93,100,3.09,US,1686233465
67,volodarskiy,46.4013,48.5409,27.97,27,74,5.05,RU,1686233981
68,ribeira grande,38.5167,-28.7,20.22,68,75,7.72,PT,1686233467
69,kayangel,8.0823,134.7173,28.51,77,100,5.39,PW,1686233471
70,ghoti budrukh,19.7167,73.6333,29.96,54,88,6.7,IN,1686233981
71,fort bragg,35.139,-79.006,20.11,77,100,2.68,US,1686233483
72,udachny,66.4167,112.4,14.14,43,61,2.47,RU,1686233468
73,pisco,-13.7,-76.2167,21.03,78,100,2.57,PE,1686233982
74,choibalsan,48.0667,114.5,13.98,51,79,3.42,MN,1686233982
75,colonia,50.9333,6.95,27.71,64,40,5.66,DE,1686233446
76,mugia,43.1041,-9.2179,23.84,86,58,4.93,ES,1686233982
77,constantia,44.1833,28.65,25.39,60,85,4.18,RO,1686233458
78,saldanha,-33.0117,17.9442,16.47,84,72,7.44,ZA,1686233511
79,arno,60.1167,18.6333,9.32,48,6,3.86,SE,1686233479
80,mont-laurier,46.5501,-75.4993,12.79,97,100,2.73,CA,1686233982
81,ancud,-41.8697,-73.8203,9.76,86,93,7.96,CL,1686233514
82,uturoa,-16.7333,-151.4333,26.11,64,67,9.63,PF,1686233469
83,princeville,45.7668,-61.2985,15.98,89,100,2.06,CA,1686233983
84,santo domingo,18.5001,-69.9886,31.07,82,40,5.14,DO,1686233957
85,maych'ew,12.7875,39.5422,21.43,45,23,4.46,ET,1686233983
86,lethem,3.3803,-59.7968,28.82,71,17,3.97,GY,1686233983
87,sechura,-5.5569,-80.8222,24.83,73,100,5.58,PE,1686233734
88,beinamar,8.6698,15.3813,29.04,61,92,2.95,TD,1686233983
89,piterka,50.6803,47.4454,24.13,33,52,5.17,RU,1686233983
90,anadyr,64.75,177.4833,5.28,75,20,0.0,RU,1686233470
91,ikwiriri,-7.9562,38.9716,25.68,84,31,2.67,TZ,1686233983
92,belmonte,-15.8631,-38.8828,25.01,77,46,4.93,BR,1686233983
93,susangerd,31.5608,48.1831,44.51,8,43,6.51,IR,1686233984
94,dame-marie,18.5667,-74.4167,29.22,66,90,1.88,HT,1686233984
95,codrington,-38.2667,141.9667,10.6,72,99,8.13,AU,1686233513
96,westport,41.1415,-73.3579,19.3,63,40,2.68,US,1686233463
97,vilyuchinsk,52.9306,158.4028,7.92,79,84,1.38,RU,1686233478
98,puerto natales,-51.7236,-72.4875,-1.75,100,75,1.54,CL,1686233360
99,nasiriyah,31.0521,46.261,44.24,9,83,6.22,IQ,1686233984
100,kourou,5.1552,-52.6478,29.03,72,31,2.35,GF,1686233452
101,okhotsk,59.3833,143.3,5.45,83,16,1.79,RU,1686233454
102,togur,58.3631,82.8265,21.33,74,100,3.17,RU,1686233984
103,san antonio de pale,-1.4014,5.6325,25.3,75,100,4.81,GQ,1686233483
104,tuensang,26.2833,94.8333,25.2,71,79,1.36,IN,1686233984
105,namanga,-2.5433,36.7905,26.62,34,13,2.78,KE,1686233985
106,khovd,48.0056,91.6419,25.7,24,82,0.71,MN,1686233985
107,taroa,8.7058,171.2275,28.22,81,91,7.97,MH,1686233985
108,thurso,58.5927,-3.5259,12.7,72,70,6.18,GB,1686233349
109,lagoa,39.05,-27.9833,17.6,74,37,5.48,PT,1686233985
110,sur,22.5667,59.5289,35.5,39,0,0.96,OM,1686233985
111,nelson,-41.2833,173.2833,5.72,87,1,1.34,NZ,1686233985
112,pangody,65.85,74.4859,8.88,50,100,7.91,RU,1686233512
113,kot malik barkhurdar,30.1944,66.993,32.29,10,0,1.97,PK,1686233985
114,touros,-5.1989,-35.4608,29.92,62,29,7.09,BR,1686233472
115,olonkinbyen,70.9221,-8.7187,2.4,94,100,9.78,SJ,1686233271
116,utrik,11.2278,169.8474,26.64,83,98,10.15,MH,1686233476
117,kristiansund,63.1115,7.732,14.03,58,20,7.2,NO,1686233519
118,bhinga,27.7167,81.9333,36.62,13,0,2.73,IN,1686233986
119,slave lake,55.2834,-114.769,11.99,71,100,1.54,CA,1686233955
120,khandyga,62.6667,135.6,12.09,63,91,1.91,RU,1686233498
121,bilibino,68.0546,166.4372,9.88,49,3,2.13,RU,1686233460
122,iqaluit,63.7506,-68.5145,3.72,80,100,3.6,CA,1686233470
123,pontianak,-0.0333,109.3333,23.99,100,75,2.06,ID,1686233986
124,college,64.8569,-147.8028,15.11,68,75,1.54,US,1686233456
125,ventspils,57.3894,21.5606,18.96,55,0,3.09,LV,1686233987
126,torghay,49.6339,63.4981,25.12,27,18,5.77,KZ,1686233987
127,akureyri,65.6835,-18.0878,13.96,54,75,3.6,IS,1686233987
128,whitehorse,60.7161,-135.0538,9.06,66,86,4.47,CA,1686233479
129,tura,25.5198,90.2201,29.73,55,88,2.08,IN,1686233456
130,chonchi,-42.6128,-73.8092,10.56,90,100,3.92,CL,1686233468
131,sitka,57.0531,-135.33,12.94,76,75,2.57,US,1686233473
132,port saint john's,-31.6229,29.5448,21.57,50,0,2.23,ZA,1686233987
133,isafjordur,66.0755,-23.124,10.02,76,100,2.57,IS,1686233488
134,zhenlai,45.8495,123.2973,15.31,52,68,2.59,CN,1686233987
135,cabo san lucas,22.8909,-109.9124,23.92,78,0,2.06,MX,1686233219
136,ilulissat,69.2167,-51.1,1.01,69,40,4.12,GL,1686233469
137,sao joao da barra,-21.6403,-41.0511,26.05,64,0,2.68,BR,1686233988
138,nova sintra,14.8667,-24.7167,22.03,81,1,3.57,CV,1686233988
139,haiku-pauwela,20.9219,-156.3051,23.91,77,0,0.89,US,1686233461
140,estevan,49.1334,-102.9842,23.11,64,20,6.69,CA,1686233988
141,marka,1.7159,44.7717,27.24,76,95,8.01,SO,1686233988
142,san patricio,28.017,-97.5169,26.92,78,100,3.7,US,1686233468
143,tommot,58.9564,126.2925,12.67,89,97,1.41,RU,1686233988
144,great falls,47.5002,-111.3008,19.26,91,100,0.0,US,1686233734
145,punta arenas,-53.15,-70.9167,-1.94,93,75,3.09,CL,1686233302
146,merizo village,13.2658,144.6691,27.31,83,100,3.37,GU,1686233989
147,polyarnyy,69.1989,33.4478,5.37,67,100,7.47,RU,1686233487
148,ilanskiy,56.2358,96.065,19.91,68,88,3.12,RU,1686233989
149,vadso,70.0744,29.7487,8.09,57,40,6.69,NO,1686233494
150,tamanrasset,22.785,5.5228,36.95,8,20,3.6,DZ,1686233519
151,atafu village,-8.5421,-172.5159,28.39,74,57,4.19,TK,1686233455
152,st. john's,47.5649,-52.7093,14.88,93,75,1.03,CA,1686233198
153,invercargill,-46.4,168.35,3.99,94,51,2.14,NZ,1686233414
154,yamada,39.4667,141.95,16.72,96,100,3.3,JP,1686233989
155,chapada dos guimaraes,-15.4606,-55.7497,24.81,37,0,1.77,BR,1686233990
156,yinchuan,38.4681,106.2731,26.05,15,0,4.94,CN,1686233990
157,sam roi yot,12.2708,99.872,25.33,90,100,2.84,TH,1686233990
158,tukrah,32.5341,20.5791,23.21,67,82,6.8,LY,1686233990
159,kawambwa,-9.7915,29.0791,28.61,22,11,0.72,ZM,1686233960
160,remire-montjoly,4.9167,-52.2667,29.02,74,75,2.57,GF,1686233508
161,keflavik,64.0049,-22.5624,9.95,93,100,11.32,IS,1686233506
162,rye,40.9807,-73.6837,20.14,63,0,2.57,US,1686233758
163,jamestown,42.097,-79.2353,14.77,67,100,3.09,US,1686233476
164,lerwick,60.1545,-1.1494,11.0,67,4,5.36,GB,1686233491
165,nefteyugansk,61.0998,72.6035,11.21,75,98,7.04,RU,1686233787
166,viedma,-40.8135,-62.9967,17.77,54,100,9.88,AR,1686233989
167,al jubayl,27.0112,49.6583,34.2,51,0,4.49,SA,1686233991
168,kingston,17.997,-76.7936,29.58,79,75,10.29,JM,1686233830
169,saint-pierre,-21.3393,55.4781,23.82,73,0,8.75,RE,1686233498
170,albertina,-22.2008,-46.6158,20.6,47,0,0.63,BR,1686233991
171,urzhar,47.093,81.6294,27.57,31,9,1.21,KZ,1686233991
172,goure,13.9835,10.2704,35.81,28,100,2.16,NE,1686233991
173,basco,20.4487,121.9702,27.72,77,5,4.85,PH,1686233490
174,mejit,10.2753,170.8646,27.63,83,98,8.1,MH,1686233458
175,dzhambeyty,50.2536,52.595,24.78,25,16,2.94,KZ,1686233992
176,saipan,15.1355,145.701,27.39,100,0,2.06,MP,1686233468
177,dawei,14.0833,98.2,25.74,91,100,3.36,MM,1686233488
178,pemangkat,1.1667,108.9667,27.27,77,65,1.31,ID,1686233992
179,margaret river,-33.95,115.0667,12.45,72,28,1.11,AU,1686233455
180,strezhevoy,60.7333,77.5889,16.15,61,63,8.11,RU,1686233992
181,gaigeturi,33.4644,126.3183,19.03,88,40,1.03,KR,1686233992
182,strangnas,59.3774,17.0312,18.3,42,73,4.35,SE,1686233992
183,peremyshlyany,49.6652,24.5585,21.76,68,44,2.8,UA,1686233993
184,turkestan,43.3333,68.25,37.41,15,73,5.92,KZ,1686233993
185,port moresby,-9.4431,147.1797,24.18,89,100,6.28,PG,1686233785
186,tual,-5.6667,132.75,27.71,83,83,5.07,ID,1686233459
187,dwarka,22.2394,68.9678,29.41,81,28,6.75,IN,1686233993
188,cill airne,52.05,-9.5167,21.03,52,0,7.2,IE,1686233993
189,luena,-11.7833,19.9167,27.01,27,100,1.01,AO,1686233993
190,west island,-12.1568,96.8225,26.99,78,75,7.72,CC,1686233458
191,susuman,62.7833,148.1667,9.88,62,16,0.95,RU,1686233513
192,hamilton,39.1834,-84.5333,20.06,45,0,3.09,US,1686233457
193,port lincoln,-34.7333,135.8667,14.12,60,88,9.01,AU,1686233455
194,nazare,-13.035,-39.0144,25.34,73,89,2.95,BR,1686233994
195,minas de marcona,-15.2119,-75.1103,16.08,74,8,4.45,PE,1686233520
196,afaahiti,-17.75,-149.2833,20.93,65,83,8.25,PF,1686233460
197,kapuskasing,49.4169,-82.4331,15.84,49,3,3.76,CA,1686233445
198,manor,19.75,72.9167,30.8,71,57,4.63,IN,1686233994
199,margate,51.3813,1.3862,14.83,74,0,4.92,GB,1686233964
200,eastham,41.8301,-69.9739,19.01,71,20,2.57,US,1686233994
201,kurchum,48.5722,83.6542,25.33,37,32,3.33,KZ,1686233994
202,nawa,27.0167,75.0,33.44,35,95,3.79,IN,1686233994
203,saint croix,17.7397,-64.7388,31.25,62,40,5.14,VI,1686233203
204,kendari,-3.945,122.4989,24.32,92,68,1.54,ID,1686233994
205,buzias,45.6492,21.6036,26.42,62,100,2.63,RO,1686233995
206,fada,9.5667,8.3,26.45,68,97,3.03,NG,1686233493
207,nabire,-3.3667,135.4833,25.55,89,76,1.09,ID,1686233476
208,ust-nera,64.5667,143.2,7.13,89,35,1.11,RU,1686233492
209,la sarre,48.8002,-79.1996,14.99,57,30,3.63,CA,1686233995
210,sinop,41.7711,34.8709,17.24,77,75,2.77,TR,1686233486
211,bhamo,24.2667,97.2333,26.02,91,99,0.8,MM,1686233995
212,floro,61.5996,5.0328,21.04,48,0,8.75,NO,1686233995
213,villa gesell,-37.2639,-56.973,16.14,93,100,4.57,AR,1686233995
214,huai'an,33.5886,119.0192,25.86,33,100,4.91,CN,1686233995
215,tulun,54.5611,100.5792,20.04,65,0,1.93,RU,1686233995
216,nuuk,64.1835,-51.7216,2.34,75,75,2.24,GL,1686233996
217,puerto baquerizo moreno,-0.9,-89.6,26.55,83,75,3.09,EC,1686233472
218,klyuchi,52.2667,79.1667,28.62,33,17,6.01,RU,1686233462
219,la mira,18.035,-102.3266,28.22,65,73,1.47,MX,1686233996
220,cesme,38.3228,26.3064,23.84,73,20,2.06,TR,1686233996
221,tari,12.4086,4.4914,37.38,33,100,4.48,NG,1686233996
222,kushiro,42.975,144.3747,11.87,98,100,1.34,JP,1686233996
223,saint-georges,12.0564,-61.7485,30.82,70,20,11.32,GD,1686233509
224,lubango,-14.9172,13.4925,24.6,24,13,0.88,AO,1686233996
225,harstad,68.799,16.5293,7.66,100,94,6.26,NO,1686233484
226,badger,64.8,-147.5333,15.07,74,75,1.54,US,1686233462
227,kailua-kona,19.6406,-155.9956,23.98,94,100,2.57,US,1686233470
228,kangding,30.0513,101.9603,10.37,89,100,1.0,CN,1686233502
229,puyang,29.4603,119.8861,22.92,97,97,1.08,CN,1686233997
230,palmer,42.1584,-72.3287,15.04,78,100,0.45,US,1686233289
231,lata,40.1629,-8.3327,25.83,52,62,6.04,PT,1686233518
232,wailua homesteads,22.0669,-159.378,23.44,90,75,4.12,US,1686233461
233,puerto leguizamo,-0.1934,-74.7819,26.07,83,54,0.92,CO,1686233997
234,korla,41.7597,86.1469,32.2,11,85,3.13,CN,1686233997
235,nemuro,43.3236,145.575,11.44,100,100,2.87,JP,1686233519
236,ocean city,39.2776,-74.5746,19.5,53,5,2.68,US,1686233997
237,tarawa,1.419,172.984,28.05,83,75,2.06,KI,1686233473
238,samana,19.2056,-69.3369,29.12,74,75,3.09,DO,1686233706
239,quang ngai,15.1167,108.8,27.0,85,100,2.02,VN,1686233997
240,shahr-e babak,30.1165,55.1186,27.79,21,59,3.93,IR,1686233998
241,thompson,55.7435,-97.8558,20.76,56,0,2.46,CA,1686233423
242,dakhla,23.6848,-15.958,26.01,61,28,5.66,EH,1686233493
243,hilo,19.7297,-155.09,22.93,84,0,2.57,US,1686233306
244,north bend,43.4065,-124.2243,13.48,100,100,0.0,US,1686233475
245,tayoltita,24.0833,-105.9333,23.61,31,9,0.67,MX,1686233998
246,mudgee,-32.5943,149.5871,6.46,92,0,1.02,AU,1686233998
247,kyzyl,51.7,94.45,23.01,46,77,0.92,RU,1686233975
248,el porvenir,13.7617,-87.3458,25.63,72,73,0.84,HN,1686233998
249,pimentel,-6.8367,-79.9342,26.16,69,40,5.66,PE,1686233999
250,guadalupe y calvo,26.1,-106.9667,14.38,25,76,1.31,MX,1686233999
251,bilajer,40.5681,50.0378,22.9,49,0,6.17,AZ,1686233999
252,laayoune,27.1622,-13.2032,27.19,54,93,4.63,EH,1686233999
253,happy valley-goose bay,53.3168,-60.3315,5.17,87,100,8.75,CA,1686233502
254,manjeshvar,12.7,74.8833,28.66,77,100,4.81,IN,1686233999
255,ankazoabo,-22.2833,44.5167,25.99,38,0,0.9,MG,1686233999
256,yuzhno-kurilsk,44.0306,145.8556,11.41,99,97,2.69,RU,1686233482
257,aasiaat,68.7098,-52.8699,-0.72,77,21,3.33,GL,1686233463
258,sambava,-14.2667,50.1667,25.21,75,0,4.33,MG,1686233475
259,bosobolo,4.1833,19.9,30.62,56,100,0.61,CD,1686233999
260,vila franca do campo,37.7167,-25.4333,19.23,75,50,5.13,PT,1686233507
261,avarua,-21.2078,-159.775,23.03,88,75,2.57,CK,1686233477
262,dakar,14.6937,-17.4441,31.49,80,6,6.53,SN,1686233700
263,tagta,41.6504,59.9164,22.97,64,0,8.23,TM,1686234000
264,vallegrande,-18.4897,-64.1069,17.65,64,25,2.55,BO,1686234000
265,kapshagay,43.8833,77.0833,30.15,17,41,1.66,KZ,1686234000
266,al kharijah,25.4514,30.5464,43.45,10,73,4.04,EG,1686234001
267,irymple,-34.25,142.1667,12.83,74,0,0.45,AU,1686233475
268,maputo,-25.9653,32.5892,31.82,45,20,5.14,MZ,1686234001
269,lospalos,-8.5186,127.0025,22.17,95,100,2.53,TL,1686234002
270,igrim,63.1906,64.4162,11.94,52,90,2.41,RU,1686234002
271,panaba,21.2833,-88.2667,28.17,65,0,1.6,MX,1686234002
272,la breita,-4.2608,-80.8875,25.15,69,99,2.77,PE,1686234003
273,severo-yeniseyskiy,60.3725,93.0408,22.48,59,1,1.48,RU,1686233469
274,grantsville,40.5999,-112.4644,20.56,38,0,4.63,US,1686234003
275,praia da vitoria,38.7333,-27.0667,22.14,68,40,6.7,PT,1686234003
276,labytnangi,66.6572,66.4183,8.36,51,100,3.31,RU,1686233520
277,ugoofaaru,5.6667,73.0,28.79,82,100,5.73,MV,1686234003
278,dryden,49.7833,-92.7503,18.16,45,20,2.57,CA,1686234003
279,miracema do tocantins,-9.5618,-48.3967,31.46,41,7,4.48,BR,1686234004
280,onguday,50.75,86.15,16.0,90,100,2.23,RU,1686234004
281,bamboo flat,11.7,92.7167,28.1,84,100,8.34,IN,1686234005
282,saham,24.1722,56.8886,36.98,36,0,2.78,OM,1686234005
283,abepura,-2.6333,140.5833,25.45,78,20,0.0,ID,1686234005
284,heniches'k,46.1759,34.8034,21.0,64,33,7.02,UA,1686234005
285,kegen,43.0197,79.2203,14.8,69,0,1.94,KZ,1686234005
286,luderitz,-26.6481,15.1594,17.23,70,20,3.88,NA,1686233491
287,peniche,39.3558,-9.3811,23.09,85,32,11.08,PT,1686234005
288,bandon,51.7469,-8.7425,17.77,71,100,9.63,IE,1686234005
289,kokoda,-8.8785,147.7407,23.65,96,100,0.59,PG,1686234006
290,gadzhiyevo,69.2551,33.3362,5.3,66,100,7.45,RU,1686233463
291,ta`u,-14.2336,-169.5144,27.21,81,90,5.69,AS,1686233476
292,heyuan,23.7333,114.6833,26.77,87,51,1.26,CN,1686234006
293,carnarvon,-24.8667,113.6333,19.17,55,0,6.87,AU,1686233476
294,egilsstadir,65.2653,-14.3948,15.95,44,75,6.17,IS,1686233480
295,palu,-0.8917,119.8707,24.63,96,14,0.72,ID,1686234006
296,hami,42.8,93.45,33.67,10,49,2.45,CN,1686234006
297,shakiso,5.75,38.9167,20.77,72,100,1.5,ET,1686234007
298,enewetak,11.3474,162.3373,26.65,84,77,9.17,MH,1686233493
299,hithadhoo,-0.6,73.0833,28.9,66,13,0.52,MV,1686233456
300,nacala,-14.5428,40.6728,27.81,59,5,3.87,MZ,1686234007
301,alpena,45.0617,-83.4327,18.18,53,0,4.12,US,1686234007
302,swakopmund,-22.6833,14.5333,17.21,83,25,2.68,NA,1686234007
303,knyaze-volkonskoye,48.4642,135.4567,15.19,89,100,2.76,RU,1686234007
304,flying fish cove,-10.4217,105.6791,25.82,88,100,5.14,CX,1686234007
305,pacific grove,36.6177,-121.9166,13.69,90,0,0.45,US,1686234007
306,champerico,14.3,-91.9167,27.51,74,84,2.06,GT,1686233478
307,papao,-17.75,-149.55,21.82,64,28,9.53,PF,1686233522
308,tralee,52.2704,-9.7026,21.14,52,0,7.72,IE,1686233471
309,nadi,-17.8,177.4167,21.0,100,75,1.54,FJ,1686234008
310,kenora,49.8167,-94.4337,19.54,32,40,5.14,CA,1686234008
311,fale old settlement,-9.3852,-171.2468,28.34,76,81,4.0,TK,1686233469
312,porto velho,-8.7619,-63.9039,28.03,78,0,1.54,BR,1686233944
313,fortuna,40.5982,-124.1573,13.29,97,100,2.06,US,1686233513
314,cody,44.5263,-109.0565,16.12,83,100,0.45,US,1686233775
315,puerto aysen,-45.4,-72.7,9.02,76,75,7.72,CL,1686233497
316,susanville,40.4163,-120.653,12.73,78,0,0.0,US,1686234008
317,novyye lapsary,56.0685,47.2142,15.84,51,40,4.0,RU,1686234009
318,pamandzi,-12.7967,45.2794,28.88,70,75,3.09,YT,1686234009
319,coquimbo,-29.9533,-71.3436,14.85,82,75,2.57,CL,1686233197
320,hengchun,22.0042,120.7439,28.01,81,31,3.05,TW,1686234009
321,zaozersk,69.4005,32.4476,6.23,57,100,7.37,RU,1686234009
322,dhulia,20.9,74.7833,36.8,27,17,6.78,IN,1686234009
323,whitehouse,32.2268,-95.2255,26.16,82,3,1.28,US,1686234009
324,taltal,-25.4,-70.4833,18.02,69,22,1.79,CL,1686234009
325,cole harbour,44.6724,-63.4751,11.01,95,100,2.57,CA,1686233472
326,alaghsas,17.0187,8.0168,41.94,24,20,2.06,NE,1686233499
327,sao filipe,14.8961,-24.4956,26.07,75,6,2.19,CV,1686234010
328,novyy urengoy,66.0833,76.6333,9.99,49,100,7.73,RU,1686233787
329,misratah,32.3754,15.0925,23.72,59,27,4.41,LY,1686234010
330,jiangyou,31.7667,104.7167,25.26,62,90,0.6,CN,1686234010
331,aleg,17.0481,-13.9209,43.67,12,0,7.39,MR,1686234010
332,charlottetown,46.2352,-63.1267,14.16,87,100,4.63,CA,1686234010
333,okakarara,-20.5833,17.4333,28.71,14,5,2.68,NA,1686234011
334,basoko,1.2391,23.616,31.1,54,75,1.97,CD,1686234011
335,porto novo,6.4965,2.6036,28.9,86,100,3.19,BJ,1686233497
336,sohbatpur,28.5202,68.5434,43.45,18,0,6.11,PK,1686234011
337,puerto deseado,-47.7503,-65.8938,13.08,64,100,12.31,AR,1686233479
338,kerikeri,-35.2268,173.9474,12.17,81,87,0.89,NZ,1686233474
339,tizi gheniff,36.5884,3.7745,33.51,29,100,4.59,DZ,1686234012
340,as sulayyil,20.4607,45.5779,42.14,10,1,1.57,SA,1686234012
341,tolanaro,-25.0319,46.9987,23.96,80,0,6.02,MG,1686233475
342,harnosand,62.6323,17.9379,14.01,42,100,1.3,SE,1686234012
343,ghazni,33.5536,68.4269,26.28,13,0,2.54,AF,1686234013
344,morant bay,17.8815,-76.4093,29.84,84,88,5.44,JM,1686234013
345,coahuayana de hidalgo,18.7,-103.6583,27.09,75,29,0.71,MX,1686234013
346,visakhapatnam,17.69,83.2093,33.94,59,20,1.54,IN,1686234013
347,yeniseysk,58.4497,92.1703,25.16,62,5,1.3,RU,1686234013
348,amungan,15.3652,119.9582,27.9,79,69,0.9,PH,1686234013
349,agua branca,-5.8922,-42.6361,32.26,43,15,3.41,BR,1686234014
350,murzuq,25.9155,13.9184,36.13,17,92,2.11,LY,1686234014
351,namibe,-15.1961,12.1522,21.93,64,9,4.15,AO,1686233490
352,antsohihy,-14.8796,47.9875,29.54,42,0,2.79,MG,1686234014
353,vila velha,-20.3297,-40.2925,26.08,59,40,2.57,BR,1686233447
354,russkaya polyana,49.417,31.9201,20.92,58,99,2.6,UA,1686234014
355,oulu,65.0124,25.4682,11.23,74,75,6.69,FI,1686234014
356,christchurch,-43.5333,172.6333,6.64,89,100,1.03,NZ,1686233943
357,aginskoye,51.1,114.53,12.26,62,35,3.82,RU,1686234014
358,al jadid,27.05,14.4,34.17,18,10,2.36,LY,1686234015
359,isangel,-19.55,169.2667,21.07,66,3,4.1,VU,1686233471
360,reftinskiy,57.0901,61.6769,14.33,65,96,4.89,RU,1686234015
361,breves,-1.6822,-50.4803,29.3,68,68,1.59,BR,1686234015
362,shahrinav,38.5709,68.335,34.55,18,12,2.72,TJ,1686234015
363,kish,26.5578,54.0194,34.15,62,0,5.14,IR,1686234015
364,norman gardens,-23.3224,150.5393,13.29,94,75,0.0,AU,1686234016
365,bengkulu,-3.8004,102.2655,24.71,93,100,1.43,ID,1686234016
366,san luis de la loma,17.2706,-100.8939,28.88,64,62,0.17,MX,1686233496
367,kiffa,16.6166,-11.4045,44.39,8,42,5.47,MR,1686234017
368,mantua,45.1667,10.7833,28.36,54,29,1.34,IT,1686233512
369,diano marina,43.9103,8.0793,25.18,68,20,3.09,IT,1686234017
370,huarmey,-10.0681,-78.1522,23.45,82,89,3.13,PE,1686233508
371,bardai,11.65,7.2333,32.33,44,95,3.41,NG,1686233482
372,acajutla,13.5928,-89.8275,27.79,75,99,0.88,SV,1686234017
373,portland,45.5234,-122.6762,14.42,82,75,3.13,US,1686233931
374,borazjan,29.2666,51.2159,40.6,13,0,5.22,IR,1686234017
375,waddan,29.1614,16.139,32.11,21,64,5.99,LY,1686233514
376,kapa'a,22.0752,-159.319,24.18,90,75,4.12,US,1686233480
377,grants pass,42.439,-123.3284,18.38,73,0,0.0,US,1686234018
378,ca mau,9.1769,105.15,26.33,82,97,2.45,VN,1686234018
379,johvi,59.3592,27.4211,16.51,46,32,2.34,EE,1686234018
380,grand gaube,-20.0064,57.6608,24.22,68,0,0.45,MU,1686234018
381,weno,7.4515,151.8468,27.54,77,100,1.98,FM,1686233491
382,kainantu,-6.2887,145.8655,16.13,99,100,0.72,PG,1686234019
383,dunedin,-45.8742,170.5036,6.0,86,0,1.34,NZ,1686233391
384,filadelfia,39.9523,-75.1638,20.99,46,75,3.09,US,1686233765
385,kenai,60.5544,-151.2583,10.57,99,100,6.17,US,1686233477
386,yanta,36.2411,115.6672,27.74,20,0,4.62,CN,1686234019
387,hajjah,15.6943,43.6058,26.38,46,64,3.59,YE,1686234019
388,ayr,55.4627,-4.6339,19.99,45,0,5.14,GB,1686234019
389,usogorsk,63.4106,48.6872,12.76,35,100,3.2,RU,1686233509
390,amga,60.8953,131.9608,12.21,72,79,0.92,RU,1686233520
391,seneca falls,42.9106,-76.7966,15.68,84,99,3.25,US,1686233757
392,santa elena de uairen,4.6167,-61.1333,24.39,66,86,2.56,VE,1686233489
393,sikandarabad,28.45,77.7,37.7,16,1,4.11,IN,1686234020
394,owando,-0.4819,15.8999,32.46,48,53,1.05,CG,1686234020
395,northam,51.0333,-4.2167,19.12,70,100,8.13,GB,1686234020
396,lively,46.4334,-81.1498,16.68,56,88,3.03,CA,1686234020
397,texarkana,33.4251,-94.0477,27.12,66,0,2.06,US,1686234020
398,cabedelo,-6.9811,-34.8339,28.37,76,65,5.94,BR,1686233516
399,sitia,35.2,26.0986,22.24,74,43,2.88,GR,1686233513
400,stepnoye,51.4,46.8667,23.23,37,17,3.92,RU,1686234020
401,vikindu,-7.0067,39.2985,25.93,78,18,4.19,TZ,1686234021
402,hillsborough,37.5741,-122.3794,16.01,84,40,1.54,US,1686234021
403,recreo,-29.2818,-65.061,23.52,63,47,6.63,AR,1686234021
404,baker city,44.7749,-117.8344,18.11,65,100,3.09,US,1686233842
405,sandnessjoen,66.0217,12.6316,10.29,53,20,5.66,NO,1686234021
406,la passe,45.5549,-0.8967,29.45,60,100,2.61,FR,1686233480
407,puri,19.8,85.85,29.29,86,100,7.91,IN,1686234021
408,zvishavane,-20.3267,30.0665,29.5,13,0,0.97,ZW,1686234021
409,pathein,16.7833,94.7333,26.45,80,63,2.65,MM,1686234022
410,ocean shores,46.9737,-124.1563,13.49,83,100,3.6,US,1686233770
411,zeya,53.75,127.2667,13.36,96,100,1.94,RU,1686233496
412,mandali,33.7499,45.5541,40.86,7,0,7.9,IQ,1686234022
413,summerside,46.3959,-63.7876,13.16,94,100,3.09,CA,1686234022
414,vrontados,38.4089,26.1328,23.92,73,20,2.06,GR,1686234022
415,salekhard,66.53,66.6019,8.51,55,100,3.69,RU,1686233517
416,mingyue,43.1069,128.9217,12.95,99,100,0.71,CN,1686234022
417,vila do maio,15.1333,-23.2167,31.44,81,4,3.23,CV,1686234022
418,chhor,25.5167,69.7667,38.14,31,0,8.23,PK,1686234023
419,gebeit,21.0667,36.3167,40.16,10,29,7.95,SD,1686234023
420,yelizovo,53.1873,158.3805,8.08,65,75,4.02,RU,1686234023
421,jayapura,-2.5333,140.7,25.66,86,100,1.9,ID,1686233518
422,arhavi,41.3492,41.3069,22.95,84,31,0.92,TR,1686234023
423,cockburn town,21.4612,-71.1419,28.04,84,83,7.0,TC,1686233493
424,marsa alam,25.0757,34.8918,34.3,40,99,5.86,EG,1686234023
425,serra talhada,-7.9919,-38.2983,30.56,40,6,5.68,BR,1686234017
426,ismayilli,40.779,48.1638,21.4,57,90,0.89,AZ,1686234023
427,general acha,-37.377,-64.6043,19.0,60,99,9.23,AR,1686234024
428,castillos,-34.1667,-53.8333,18.88,91,96,4.05,UY,1686233520
429,prainha,-1.8,-53.48,29.02,67,16,2.46,BR,1686234024
430,teotitlan,18.1319,-97.0767,24.8,71,47,1.11,MX,1686234024
431,tam ky,15.5667,108.4833,26.94,84,98,2.07,VN,1686233959
432,oltinko'l,40.8011,72.1634,36.2,11,0,1.87,UZ,1686233479
433,paita,-5.0892,-81.1144,24.38,77,97,5.4,PE,1686234024
434,arar,30.9753,41.0381,38.01,7,0,2.06,SA,1686233780
435,warrnambool,-38.3833,142.4833,11.87,70,100,10.62,AU,1686234024
436,puerto lempira,15.2667,-83.7667,30.08,70,20,0.0,HN,1686234025
437,port alfred,-33.5906,26.891,22.32,49,5,2.68,ZA,1686233506
438,hampton bays,40.869,-72.5176,19.41,63,100,4.63,US,1686233844
439,broome,42.2506,-75.833,13.27,86,100,3.09,US,1686234025
440,daoukro,7.0591,-3.9631,28.1,73,76,2.71,CI,1686233777
441,dubbo,-32.25,148.6167,8.07,76,100,0.0,AU,1686234025
442,beni saf,35.301,-1.3823,27.16,76,100,3.98,DZ,1686234025
443,saacow,1.6279,42.4407,31.76,47,100,9.97,SO,1686234025
444,ust'-ilimsk,58.0006,102.6619,18.61,78,95,2.97,RU,1686234025
445,magadan,59.5667,150.8,6.41,89,17,1.91,RU,1686234025
446,dhidhdhoo,6.8833,73.1,29.14,78,100,7.41,MV,1686234026
447,olinda,-8.0089,-34.8553,25.85,94,75,4.63,BR,1686233851
448,chelno-vershiny,54.4333,51.1,17.87,55,6,5.41,RU,1686234026
449,sierra grande,-41.606,-65.3557,17.72,34,64,8.49,AR,1686233517
450,zhangjiajie,29.1294,110.4783,24.0,82,92,1.13,CN,1686234026
451,xuanzhou,30.9525,118.7553,25.04,65,100,2.86,CN,1686234026
452,cambria,35.5641,-121.0808,15.9,86,2,0.99,US,1686233508
453,betio village,1.358,172.9211,28.02,81,100,5.11,KI,1686234026
454,san pedro pochutla,15.7333,-96.4667,28.73,67,100,2.11,MX,1686234026
455,carolina beach,34.0352,-77.8936,19.04,96,100,2.25,US,1686234027
456,namtsy,62.7161,129.6658,12.05,57,88,1.69,RU,1686234027
457,marabba,12.35,32.1833,36.89,28,73,2.32,SD,1686234027
458,shinkafi,13.0753,6.5105,37.03,30,100,3.7,NG,1686234027
459,mossel bay,-34.1831,22.146,20.96,60,82,4.97,ZA,1686233501
460,koz'modem'yansk,56.3367,46.5711,15.71,53,36,3.05,RU,1686234027
461,greater sudbury,46.49,-80.99,16.7,56,78,2.24,CA,1686234027
462,karratha,-20.7377,116.8463,20.96,50,82,0.62,AU,1686234027
463,perevoz,55.5961,44.5446,18.2,58,43,2.94,RU,1686234027
464,newnham,-41.3833,147.1333,11.53,90,100,6.69,AU,1686234028
465,cozumel,20.5083,-86.9458,28.04,87,0,2.57,MX,1686233857
466,tazovsky,67.4667,78.7,5.96,59,100,8.05,RU,1686233344
467,cruzeiro do sul,-29.5128,-51.9853,22.51,74,9,2.05,BR,1686234028
468,taguatinga,-12.3857,-46.5711,30.97,35,89,3.74,BR,1686234028
469,fort st. john,56.2499,-120.8529,11.9,69,8,1.06,CA,1686233250
470,petropavlovsk-kamchatsky,53.0452,158.6483,7.1,65,89,1.36,RU,1686233470
471,mukalla,14.5425,49.1242,32.05,67,100,2.7,YE,1686234028
472,tshabong,-26.05,22.45,22.76,16,0,5.85,BW,1686234028
473,mili,6.0815,171.735,28.64,77,73,8.91,MH,1686233505
474,chernomorskoye,45.5039,32.6997,22.96,55,6,7.26,UA,1686234029
475,tubarjal,30.4999,38.216,36.16,11,0,4.08,SA,1686234029
476,mar del plata,-38.0023,-57.5575,14.49,97,100,2.06,AR,1686234029
477,kathu,7.9178,98.3332,30.39,99,100,4.0,TH,1686234029
478,selfoss,63.9331,-20.9971,10.58,96,100,6.18,IS,1686234029
479,bani walid,31.7566,13.9942,30.01,26,39,3.48,LY,1686234029
480,sarmiento,-45.5882,-69.07,13.42,58,14,19.59,AR,1686234029
481,hasaki,35.7333,140.8333,21.23,87,100,5.52,JP,1686233485
482,hauterive,46.0901,3.4459,28.42,41,58,1.08,FR,1686234030
483,kikwit,-5.041,18.8162,29.96,56,94,0.88,CD,1686234030
484,paracuru,-3.41,-39.0306,28.95,65,19,5.99,BR,1686234030
485,kalianget,-7.05,113.9333,26.9,80,0,4.04,ID,1686234030
486,nouadhibou,20.931,-17.0347,25.99,73,20,7.2,MR,1686233492
487,nakhon thai,17.1006,100.8374,24.79,99,100,0.69,TH,1686234030
488,sao luis de montes belos,-16.525,-50.3722,28.18,37,1,1.56,BR,1686234030
489,rouissat,31.9243,5.3502,38.04,16,4,3.09,DZ,1686234030
490,turkmenbasy,40.0222,52.9552,24.84,41,99,8.88,TM,1686233516
491,laguna,38.421,-121.4238,15.99,77,75,4.12,US,1686233456
492,alfredo chaves,-20.635,-40.7497,26.5,48,0,1.36,BR,1686234031
493,naze,28.3667,129.4833,23.41,90,98,7.03,JP,1686233240
494,cuatro cienegas de carranza,26.9833,-102.0833,25.62,66,6,1.98,MX,1686233478
495,dire,12.2833,-10.9667,40.14,22,100,3.04,ML,1686234031
496,rikaze,29.25,88.8833,16.75,18,0,4.68,CN,1686234031
497,tomatlan,19.9333,-105.25,25.1,76,8,0.6,MX,1686233519
498,cavelossim,15.1726,73.9419,29.0,79,77,2.74,IN,1686234031
499,dogubayazit,39.5469,44.0842,22.39,44,16,3.33,TR,1686234031
500,sagara,34.6833,138.2,17.77,94,100,4.31,JP,1686234032
501,venta de banos,41.9371,-4.4645,24.26,60,100,3.58,ES,1686234032
502,cooper's town,26.8667,-77.5167,27.8,75,100,7.76,BS,1686233507
503,saint-philippe,-21.3585,55.7679,23.77,81,42,4.54,RE,1686233490
504,arbus,39.5272,8.5994,25.08,53,42,1.04,IT,1686234032
505,brisas barra de suchiate,14.55,-92.2167,28.1,76,73,2.2,MX,1686234032
506,kuusamo,65.9667,29.1833,7.02,87,75,4.63,FI,1686234032
507,bathsheba,13.2167,-59.5167,30.34,79,40,5.66,BB,1686234032
508,fish town,5.1964,-7.8756,26.3,88,99,2.5,LR,1686234032
509,san juan,-31.5375,-68.5364,18.9,50,0,1.73,AR,1686233986
510,freeport,40.6576,-73.5832,20.55,54,0,2.57,US,1686234033
511,novomichurinsk,54.0384,39.7479,22.11,53,4,2.48,RU,1686234033
512,hammerfest,70.6634,23.6821,5.25,81,75,4.63,NO,1686233486
513,kermanshah,34.3142,47.065,29.5,15,40,3.09,IR,1686234033
514,mahina,-17.5065,-149.489,21.87,78,20,1.03,PF,1686234033
515,ribas do rio pardo,-20.4431,-53.7592,23.85,50,0,3.29,BR,1686233277
516,mount pearl,47.5166,-52.7813,16.19,93,75,2.06,CA,1686233505
517,uusikaupunki,60.8004,21.4084,11.14,54,2,6.5,FI,1686233780
518,corner brook,48.9667,-57.9484,10.09,79,91,1.75,CA,1686234033
519,port augusta,-32.5,137.7667,12.8,57,0,6.48,AU,1686234033
520,zuwarah,32.9312,12.082,24.71,56,94,5.28,LY,1686234033
521,arraial do cabo,-22.9661,-42.0278,23.92,73,0,4.12,BR,1686233365
522,baraki barak,33.9675,68.9486,28.0,11,0,2.27,AF,1686234034
523,maranding,7.9248,123.7715,24.64,95,84,0.49,PH,1686234034
524,ebeltoft,56.1944,10.6821,25.01,31,0,2.57,DK,1686234035
525,muntok,-2.0667,105.1833,25.27,92,99,3.61,ID,1686234035
526,choyr,46.3611,108.3611,17.42,39,29,5.57,MN,1686234035
527,daru,-9.0763,143.2092,25.3,86,93,6.95,PG,1686234035
528,howard springs,-12.497,131.047,25.95,79,100,1.38,AU,1686233515
529,piacabucu,-10.4056,-36.4344,27.6,64,0,4.39,BR,1686234036
530,tamandare,-8.7597,-35.1047,26.8,80,24,4.44,BR,1686234036
531,inirida,3.8653,-67.9239,22.99,99,100,1.83,CO,1686234036
532,mount isa,-20.7333,139.5,20.87,46,40,5.66,AU,1686233474
533,pyhajarvi,67.0701,27.2176,9.44,42,100,6.15,FI,1686234036
534,kimbe,-5.5502,150.1429,24.09,93,94,2.23,PG,1686234036
535,port sudan,19.6175,37.2164,36.52,35,6,4.61,SD,1686234036
536,al fuwayliq,26.4432,43.2534,36.85,8,0,9.84,SA,1686234036
537,parakou,9.3372,2.6303,30.76,54,92,5.27,BJ,1686234036
538,dongola,19.1667,30.4833,42.52,16,98,2.66,SD,1686234037
539,ishigaki,24.3448,124.1572,26.07,94,75,3.6,JP,1686234037
540,canutama,-6.5339,-64.3831,30.03,63,58,0.93,BR,1686234037
541,sydney,-33.8679,151.2073,12.75,75,0,2.57,AU,1686233803
542,medvezh'yegorsk,62.9167,34.4667,9.6,92,100,2.75,RU,1686234037
543,ust-tsilma,65.441,52.1498,10.17,40,100,1.76,RU,1686233501
544,queenstown,-31.8976,26.8753,15.69,39,9,9.1,ZA,1686233472
545,plouzane,48.3833,-4.6167,23.18,75,75,7.72,FR,1686234037
546,lamu,-2.2717,40.902,26.93,76,51,5.93,KE,1686234037
547,guanica,17.9716,-66.908,32.94,73,90,8.92,PR,1686234037
548,alvear,-29.0968,-56.5504,22.39,60,0,5.55,AR,1686234038
549,aizpute,56.7167,21.6,21.57,33,2,3.95,LV,1686234038
550,walvis bay,-22.9575,14.5053,17.27,63,4,7.67,NA,1686234038
551,naifaru,5.4444,73.3657,28.77,82,100,5.99,MV,1686234038
552,bushehr,28.9684,50.8385,35.05,49,0,4.12,IR,1686234038
553,makow mazowiecki,52.8649,21.1005,27.59,38,12,3.8,PL,1686234038
554,mata-utu,-13.2816,-176.1745,27.23,79,19,2.65,WF,1686233474
555,kasongo-lunda,-6.4667,16.8167,32.02,43,95,1.05,CD,1686234038
556,khorinsk,52.1657,109.7726,13.92,45,57,1.64,RU,1686234038
557,sarina,-21.4333,149.2167,17.56,59,10,2.17,AU,1686234039
558,carbonear,47.7332,-53.2148,16.91,91,29,0.81,CA,1686234039
559,tallahassee,30.4383,-84.2807,28.51,79,40,4.12,US,1686233379
560,mabaruma,8.2,-59.7833,29.9,65,94,2.55,GY,1686233500
561,bolgar,54.95,49.0667,16.45,60,5,4.73,RU,1686234039
562,jilove,50.7608,14.1038,22.48,54,100,2.06,CZ,1686234039
563,flin flon,54.7682,-101.865,24.91,41,20,1.54,CA,1686234039
564,lompoc,34.6391,-120.4579,15.85,83,6,2.24,US,1686233497
565,holualoa,19.6228,-155.9522,21.91,93,100,2.57,US,1686233513
566,calca,-13.3333,-71.95,11.64,65,0,1.28,PE,1686234039
567,shingu,33.7333,135.9833,19.35,98,100,1.08,JP,1686234039
568,hadibu,12.65,54.0333,30.12,72,73,4.64,YE,1686233491
569,cadale,2.7603,46.3222,27.31,80,100,9.51,SO,1686234040
570,rongelap,11.1635,166.8941,27.62,80,99,9.8,MH,1686233465
571,banda aceh,5.5577,95.3222,27.39,79,100,5.83,ID,1686234040
572,bangassou,4.7413,22.8184,32.68,43,100,0.95,CF,1686234040
573,san mariano,7.5,126.0,23.71,96,100,1.43,PH,1686234040
574,lawas,13.764,121.0566,27.77,85,63,3.16,PH,1686234040
575,nova vicosa,-17.8919,-39.3719,25.45,62,2,3.11,BR,1686234040
576,belyy yar,53.6039,91.3903,24.94,50,40,5.0,RU,1686234040
577,likhoslavl',57.1275,35.464,20.94,33,44,1.77,RU,1686234040
578,fundacion,10.5207,-74.185,29.98,72,100,3.01,CO,1686234041
579,aden,12.7794,45.0367,31.35,76,57,4.37,YE,1686234041
580,taber,49.8167,-112.1518,21.91,83,35,2.06,CA,1686234041
581,concepcion,-36.827,-73.0498,13.89,94,100,10.29,CL,1686234041
582,val-d'or,48.1002,-77.7828,16.05,55,40,5.66,CA,1686234041
